{"cameraMode":{"drawMode":0,"name":"Shaded","section":"Shading Mode"},"sceneLighting":true,"audioPlay":false,"sceneViewState":{"m_AlwaysRefresh":false,"showFog":true,"showSkybox":true,"showFlares":true,"showImageEffects":true,"showParticleSystems":true,"showVisualEffectGraphs":true,"m_FxEnabled":true},"in2DMode":false,"pivot":{"x":-0.41376036405563357,"y":-27.915414810180665,"z":24.024816513061525},"rotation":{"x":0.4146157503128052,"y":0.0047315387055277828,"z":-0.0020470197778195144,"w":0.9100444316864014},"size":20.991025924682618,"orthographic":false}