{"cameraMode":{"drawMode":0,"name":"Shaded","section":"Shading Mode"},"sceneLighting":true,"audioPlay":false,"sceneViewState":{"m_AlwaysRefresh":false,"showFog":true,"showSkybox":true,"showFlares":true,"showImageEffects":true,"showParticleSystems":true,"showVisualEffectGraphs":true,"m_FxEnabled":true},"in2DMode":false,"pivot":{"x":-0.9180620312690735,"y":5.574533939361572,"z":-8.130709648132325},"rotation":{"x":-0.302680104970932,"y":-0.0028788538184016945,"z":0.0009126967051997781,"w":-0.9531041979789734},"size":0.8660253882408142,"orthographic":false}